{"cameraMode":{"drawMode":0,"name":"Shaded","section":"Shading Mode"},"sceneLighting":true,"audioPlay":false,"sceneViewState":{"m_AlwaysRefresh":false,"showFog":true,"showSkybox":true,"showFlares":true,"showImageEffects":true,"showParticleSystems":true,"showVisualEffectGraphs":true,"m_FxEnabled":false},"in2DMode":false,"pivot":{"x":53.15190887451172,"y":1.468495488166809,"z":-0.14890670776367188},"rotation":{"x":0.00030011229682713747,"y":-0.00060146494070068,"z":-0.0000011104684745077976,"w":1.0000048875808716},"size":14.659213066101075,"orthographic":true}