{"cameraMode":{"drawMode":0,"name":"Shaded","section":"Shading Mode"},"sceneLighting":true,"audioPlay":false,"sceneViewState":{"m_AlwaysRefresh":false,"showFog":true,"showSkybox":true,"showFlares":true,"showImageEffects":true,"showParticleSystems":true,"showVisualEffectGraphs":true,"m_FxEnabled":false},"in2DMode":false,"pivot":{"x":23.75654411315918,"y":-6.038402557373047,"z":14.019266128540039},"rotation":{"x":0.20934940874576569,"y":0.2654189169406891,"z":-0.059159427881240848,"w":0.9392747282981873},"size":19.090106964111329,"orthographic":true}