{"cameraMode":{"drawMode":0,"name":"Shaded","section":"Shading Mode"},"sceneLighting":true,"audioPlay":false,"sceneViewState":{"m_AlwaysRefresh":false,"showFog":true,"showSkybox":true,"showFlares":true,"showImageEffects":true,"showParticleSystems":true,"showVisualEffectGraphs":true,"m_FxEnabled":false},"in2DMode":false,"pivot":{"x":-0.7247519493103027,"y":-4.2379608154296879,"z":-8.925233840942383},"rotation":{"x":0.23529013991355897,"y":0.3856169283390045,"z":-0.10237670689821243,"w":0.8862619996070862},"size":14.987139701843262,"orthographic":true}